reputation_tier,total_answers,accepted_count,acceptance_rate_pct,avg_score,avg_answer_length,avg_response_minutes,pct_of_all_answers
01. Beginner (1-100),1796090,285646,15.903768742100896,0.464991175275181,690.7575934390815,715574.3059250921,16.904498978486714
02. Intermediate (101-1000),2634183,708130,26.882338850413962,1.3273052783348762,819.4073893119812,464052.9536820332,24.792490260870597
03. Experienced (1001-5000),2311702,780889,33.77982975314292,1.8231519460553316,983.296864820811,346146.7824399511,21.75735297093447
04. Expert (5001-25000),1831533,760493,41.52221117501023,1.9317074822020677,1141.791483964527,212734.09092383264,17.23808257245723
05. Elite (25001-100000),1107776,524601,47.35623447339534,1.9362244713732746,1221.2128697498417,98619.67609697265,10.426202618127208
06. Legend (100001+),943639,502223,53.22194186548034,2.0681553009148637,1201.9887827866385,40953.216484269935,8.881372599123777
