response_time_bucket,total_answers,accepted_count,acceptance_rate_pct,avg_score,avg_answer_length,pct_of_all_answers
01. 0-1 hour,4588479,1841569,40.134628490181605,1.315779368283039,847.3066780952898,43.18599767734788
02. 1-4 hours,1496812,608748,40.66963653418065,1.1322931670777625,1162.4226115236927,14.08774444765388
03. 4-24 hours,1325251,537346,40.54673416582972,1.11235682900824,1192.4875514147882,12.473040981096993
04. 1-3 days,520941,214474,41.17049723481162,1.0744191760679227,1185.8732006119694,4.903009650046405
05. 3+ days,2693440,359845,13.36005257217536,2.38151917250802,900.198790023168,25.35020724385485
