length_bucket,total_answers,accepted_count,acceptance_rate_pct,avg_score,pct_of_all_answers,avg_response_minutes
01. Very short (<200),997982,219504,21.994785477092773,1.1311977570737741,9.392839835168688,524782.4164574109
02. Short (200-500),3151484,876722,27.819338444999246,1.332339938898627,29.661240839110082,415610.26877147367
03. Medium (500-1500),4730562,1697858,35.891253512796155,1.5563935109612757,44.523259133266194,316963.2681808207
04. Long (1500-3000),1300729,560055,43.057008800449594,1.849928001912773,12.24224401438015,283401.47563174187
05. Very long (3000+),444166,207843,46.793991435634425,2.4404434378137903,4.18041617807489,323735.0646582581
